{
  "tasks": [
    {
      "id": 1,
      "title": "Angular Final Project",
      "timeToComplete": 1,
      "description": "Final project for FrontEnd Foundations Frameworks",
      "itemsNeeded": "A completed project for the win!"
    },
    {
      "id": 2,
      "title": "Practice",
      "timeToComplete": 1,
      "description": "Last minute hail mary",
      "itemsNeeded": "A miracle! Thank you Jesus!"
    },
    {
      "title": "Romance my wife",
      "timeToComplete": "1",
      "description": "Do something that romances my bride and lets her know she's loved.",
      "itemsNeeded": "Action, action and more action!",
      "id": 3
    },
    {
      "title": "Time with Caleb",
      "timeToComplete": "1",
      "description": "Spend quality one-on-one father-son time with Caleb.",
      "itemsNeeded": "Caleb, the van, a great time to be had and a place to play.",
      "id": 4
    },
    {
      "title": "Sleep",
      "timeToComplete": "1",
      "description": "Sleep",
      "itemsNeeded": "Bed",
      "id": 5
    }
  ]
}